metric,value_pct
btc_share,58.084
top2_to_10_share,33.84766263420296
outside_top10_share,8.068337365797035
top10_share,91.93166263420297
