metric,value_pct
btc_share,58.7047
top2_to_10_share,32.87901824000471
outside_top10_share,8.416281759995286
top10_share,91.58371824000471
