metric,value_pct
btc_share,59.8556
top2_to_10_share,33.08169490167679
outside_top10_share,7.062705098323207
top10_share,92.9372949016768
