metric,value_pct
btc_share,59.9697
top2_to_10_share,31.5850019016073
outside_top10_share,8.445298098392698
top10_share,91.5547019016073
