metric,value_pct
btc_share,58.4597
top2_to_10_share,31.545442042480985
outside_top10_share,9.994857957519017
top10_share,90.00514204248098
