metric,value_pct
btc_share,57.9156
top2_to_10_share,35.071313629948605
outside_top10_share,7.013086370051397
top10_share,92.9869136299486
