metric,value_pct
btc_share,58.8972
top2_to_10_share,29.798528871653374
outside_top10_share,11.304271128346628
top10_share,88.69572887165337
