month,volume_usd,volume_usd_billion
2026-03,153365326.73770002,0.1533653267377
