metric,value_pct
btc_share,58.1008
top2_to_10_share,33.87319606335658
outside_top10_share,8.02600393664342
top10_share,91.97399606335658
