metric,value_pct
btc_share,58.2034
top2_to_10_share,34.759551376399116
outside_top10_share,7.037048623600882
top10_share,92.96295137639912
