metric,value_pct
btc_share,58.2034
top2_to_10_share,34.603899211562435
outside_top10_share,7.192700788437563
top10_share,92.80729921156244
