metric,value_pct
btc_share,58.1458
top2_to_10_share,33.10216766584161
outside_top10_share,8.752032334158386
top10_share,91.24796766584161
