metric,value_pct
btc_share,58.1458
top2_to_10_share,33.8910913523932
outside_top10_share,7.963108647606802
top10_share,92.0368913523932
