metric,value_pct
btc_share,58.1458
top2_to_10_share,34.01631629329794
outside_top10_share,7.837883706702058
top10_share,92.16211629329794
