metric,value_pct
btc_share,58.1458
top2_to_10_share,33.07058130194263
outside_top10_share,8.783618698057367
top10_share,91.21638130194263
