metric,value_pct
btc_share,58.1458
top2_to_10_share,33.980070781888536
outside_top10_share,7.874129218111463
top10_share,92.12587078188854
