metric,value_pct
btc_share,58.1458
top2_to_10_share,33.63763744070929
outside_top10_share,8.216562559290708
top10_share,91.78343744070929
