metric,value_pct
btc_share,58.1458
top2_to_10_share,33.97063446053041
outside_top10_share,7.883565539469586
top10_share,92.11643446053041
