metric,value_pct
btc_share,58.1458
top2_to_10_share,33.08885535100048
outside_top10_share,8.765344648999516
top10_share,91.23465535100048
