metric,value_pct
btc_share,58.349
top2_to_10_share,33.66364130407262
outside_top10_share,7.987358695927384
top10_share,92.01264130407262
