metric,value_pct
btc_share,58.5303
top2_to_10_share,36.493958646825334
outside_top10_share,4.975741353174669
top10_share,95.02425864682533
