metric,value_pct
btc_share,60.0353
top2_to_10_share,33.29022967083056
outside_top10_share,6.674470329169438
top10_share,93.32552967083056
