metric,value_pct
btc_share,59.5635
top2_to_10_share,33.149827807676694
outside_top10_share,7.286672192323309
top10_share,92.71332780767669
