metric,value_pct
btc_share,59.1771
top2_to_10_share,32.83400428904911
outside_top10_share,7.988895710950885
top10_share,92.01110428904911
