metric,value_pct
btc_share,58.4225
top2_to_10_share,30.812099585645896
outside_top10_share,10.765400414354104
top10_share,89.2345995856459
