metric,value_pct
btc_share,60.0384
top2_to_10_share,30.9460386844272
outside_top10_share,9.015561315572796
top10_share,90.9844386844272
