metric,value_pct
btc_share,60.3784
top2_to_10_share,31.834201794240798
outside_top10_share,7.787398205759203
top10_share,92.2126017942408
