metric,value_pct
btc_share,58.1218
top2_to_10_share,36.23156247478406
outside_top10_share,5.646637525215937
top10_share,94.35336247478406
