metric,value_pct
btc_share,58.362
top2_to_10_share,33.77435815445424
outside_top10_share,7.863641845545757
top10_share,92.13635815445424
