metric,value_pct
btc_share,58.362
top2_to_10_share,33.62941847634122
outside_top10_share,8.008581523658776
top10_share,91.99141847634122
