metric,value_pct
btc_share,60.0425
top2_to_10_share,31.077550596083277
outside_top10_share,8.879949403916726
top10_share,91.12005059608327
