metric,value_pct
btc_share,59.0885
top2_to_10_share,32.82852404930524
outside_top10_share,8.08297595069476
top10_share,91.91702404930524
