metric,value_pct
btc_share,59.0471
top2_to_10_share,31.098289086115415
outside_top10_share,9.854610913884585
top10_share,90.14538908611542
