metric,value_pct
btc_share,59.9157
top2_to_10_share,32.36777331890066
outside_top10_share,7.716526681099339
top10_share,92.28347331890066
