metric,value_pct
btc_share,58.0117
top2_to_10_share,31.06107947781259
outside_top10_share,10.927220522187412
top10_share,89.07277947781259
