metric,value_pct
btc_share,59.6048
top2_to_10_share,34.55306319511422
outside_top10_share,5.842136804885783
top10_share,94.15786319511422
