metric,value_pct
btc_share,59.2437
top2_to_10_share,34.25594921280071
outside_top10_share,6.500350787199295
top10_share,93.4996492128007
