metric,value_pct
btc_share,59.8359
top2_to_10_share,32.548037904014826
outside_top10_share,7.616062095985171
top10_share,92.38393790401483
