metric,value_pct
btc_share,58.8005
top2_to_10_share,33.347580142192186
outside_top10_share,7.851919857807815
top10_share,92.14808014219219
