metric,value_pct
btc_share,60.4187
top2_to_10_share,31.89876607165519
outside_top10_share,7.68253392834481
top10_share,92.31746607165519
