metric,value_pct
btc_share,60.4187
top2_to_10_share,32.023183497877454
outside_top10_share,7.5581165021225445
top10_share,92.44188349787746
