metric,value_pct
btc_share,60.0894
top2_to_10_share,32.05923250699807
outside_top10_share,7.851367493001931
top10_share,92.14863250699807
