metric,value_pct
btc_share,60.4187
top2_to_10_share,31.96316244454752
outside_top10_share,7.618137555452478
top10_share,92.38186244454752
