month,volume_usd,volume_usd_billion
2026-04,205011487.21790007,0.20501148721790008
