metric,value_pct
btc_share,58.5796
top2_to_10_share,32.28811787434695
outside_top10_share,9.132282125653049
top10_share,90.86771787434695
