metric,value_pct
btc_share,58.8573
top2_to_10_share,33.03338189395783
outside_top10_share,8.109318106042167
top10_share,91.89068189395783
